itinerary_id,itinerary_name,kind,park_scope,area,tpw_1_name,tpw_1_id,tpw_1_type,tpw_1_park,tpw_1_latitude,tpw_1_longitude,tpw_1_score,tpw_2_name,tpw_2_id,tpw_2_type,tpw_2_park,tpw_2_latitude,tpw_2_longitude,tpw_2_score,tpw_3_name,tpw_3_id,tpw_3_type,tpw_3_park,tpw_3_latitude,tpw_3_longitude,tpw_3_score,queue_1_name,queue_1_id,queue_1_type,queue_1_park,queue_1_latitude,queue_1_longitude,queue_1_score,queue_2_name,queue_2_id,queue_2_type,queue_2_park,queue_2_latitude,queue_2_longitude,queue_2_score,queue_3_name,queue_3_id,queue_3_type,queue_3_park,queue_3_latitude,queue_3_longitude,queue_3_score,selected_tpw_candidate,selected_queue_candidate,match_status,review_note,catalog_id,manual_latitude,manual_longitude,coordinate_parse_status,coordinate_status,coordinate_warning,coordinate_normalization_note,recommended_next_status,review_note_exported
alien,Alien Swirling Saucers,lightning,Hollywood Studios,Toy Story Land,,,,,,,,,,,,,,,,,,,,,,Alien Swirling Saucers,5477,ATTRACTION,Hollywood Studios,,,1,Star Wars: Rise of the Resistance Single Rider,14531,ATTRACTION,Hollywood Studios,,,0.4276,Slinky Dog Dash,5476,ATTRACTION,Hollywood Studios,,,0.4259,,1,APPROVED,,alien,,,NO_COORDINATE,MISSING,,,APPROVED,
berk,The Untrainable Dragon,show,Epic Universe,Isle of Berk,,,,,,,,,,,,,,,,,,,,,,,,,,,,,,,,,,,,,,,,,,,,,UNRESOLVED,"28°26'23""N, 81°26'59""W",berk,28.43933,-81.445022,PARSED_DMS,VERIFIED_MANUAL,,Converted degrees/minutes/seconds to decimal degrees.,MANUAL,"28°26'23""N, 81°26'59""W"
blue,Blue Dragon dinner,meal,Epic Universe,Celestial Park,,,,,,,,,,,,,,,,,,,,,,,,,,,,,,,,,,,,,,,,,,,,,UNRESOLVED,"28.349, -81.442",blue,28.349,-81.442,PARSED_DECIMAL,PROVISIONAL_OUT_OF_RANGE,Coordinate is outside broad expected bounds for Epic Universe.,,MANUAL,"28.349, -81.442"
boma,Boma dinner,meal,Resort / Transportation,Animal Kingdom Lodge,,,,,,,,,,,,,,,,,,,,,,,,,,,,,,,,,,,,,,,,,,,,,UNRESOLVED,"28.3533° N, 81.6025° W",boma,28.352306,-81.603306,PARSED_DECIMAL,VERIFIED_MANUAL,,,MANUAL,"28.3533° N, 81.6025° W"
bourne,The Bourne Stuntacular,show,Universal Studios Florida,Hollywood,,,,,,,,,,,,,,,,,,,,,,,,,,,,,,,,,,,,,,,,,,,,,UNRESOLVED,"28.47596° N, -81.46692° W",bourne,28.476012,-81.467069,PARSED_DECIMAL,VERIFIED_MANUAL,,,MANUAL,"28.47596° N, -81.46692° W"
breakfast,Friar’s Nook breakfast,meal,Magic Kingdom,Fantasyland,,,,,,,,,,,,,,,,,,,,,,,,,,,,,,,,,,,,,,,,,,,,,UNRESOLVED,"28.4194° N, 81.5812°",magic-kingdom--breakfast,28.420208,-81.580949,PARSED_DECIMAL,VERIFIED_MANUAL,,Inferred west longitude from Orlando context.,MANUAL,"28.4194° N, 81.5812°"
breakfast,Three Broomsticks breakfast,meal,Islands of Adventure,Hogsmeade,,,,,,,,,,,,,,,,,,,,,,,,,,,,,,,,,,,,,,,,,,,,,UNRESOLVED,"28.4194° N, 81.5812°",islands-of-adventure--breakfast,28.472879,-81.472723,PARSED_DECIMAL,VERIFIED_MANUAL,Coordinate is outside broad expected bounds for Islands of Adventure.,Inferred west longitude from Orlando context.,MANUAL,"28.4194° N, 81.5812°"
everest,Expedition Everest,planned,Animal Kingdom,Asia,,,,,,,,,,,,,,,,,,,,,,Expedition Everest - Legend of the Forbidden Mountain,110,ATTRACTION,Animal Kingdom,,,1,Expedition Everest - Legend of the Forbidden Mountain Single Rider,14533,ATTRACTION,Animal Kingdom,,,1,Discovery Island Trails,13811,ATTRACTION,Animal Kingdom,,,0.4337,,1,APPROVED,,everest,,,NO_COORDINATE,MISSING,,,APPROVED,
express,Optional Hogwarts Express evening extension,planned,Islands of Adventure,Hogsmeade ↔ Diagon Alley,,,,,,,,,,,,,,,,,,,,,,Hogwarts Express™ - Hogsmeade™ Station,6015,ATTRACTION,Islands of Adventure,,,0.6089,The High in the Sky Seuss Trolley Train Ride!™,6001,ATTRACTION,Islands of Adventure,,,0.4178,The Incredible Hulk Coaster® Single Rider,15384,ATTRACTION,Islands of Adventure,,,0.4104,,1,APPROVED,,express,,,NO_COORDINATE,MISSING,,,APPROVED,
fop,Avatar Flight of Passage,lightning,Animal Kingdom,Pandora,,,,,,,,,,,,,,,,,,,,,,Avatar Flight of Passage,4439,ATTRACTION,Animal Kingdom,,,1,Tree of Life,13751,ATTRACTION,Animal Kingdom,,,0.4911,Feathered Friends in Flight!,10921,ATTRACTION,Animal Kingdom,,,0.4849,,1,APPROVED,,fop,,,NO_COORDINATE,MISSING,,,APPROVED,
forbidden,Harry Potter and the Forbidden Journey,lightning,Islands of Adventure,Hogsmeade,,,,,,,,,,,,,,,,,,,,,,Harry Potter and the Forbidden Journey™,5992,ATTRACTION,Islands of Adventure,,,1,Harry Potter and the Forbidden Journey™ Single Rider,13113,ATTRACTION,Islands of Adventure,,,1,Popeye & Bluto's Bilge-Rat Barges®,5998,ATTRACTION,Islands of Adventure,,,0.4976,,1,APPROVED,,forbidden,,,NO_COORDINATE,MISSING,,,APPROVED,
goodnight,Celestial Goodnight,show,Epic Universe,Celestial Park,,,,,,,,,,,,,,,,,,,,,,,,,,,,,,,,,,,,,,,,,,,,,NOT_APPLICABLE,,goodnight,,,NO_COORDINATE,MISSING,,,NOT_APPLICABLE,
gorilla,Gorilla Falls Exploration Trail,planned,Animal Kingdom,Africa,,,,,,,,,,,,,,,,,,,,,,Gorilla Falls Exploration Trail,651,ATTRACTION,Animal Kingdom,,,1,Wildlife Express Train,655,ATTRACTION,Animal Kingdom,,,0.5234,Bluey's Wild World at Conservation Station,16545,ATTRACTION,Animal Kingdom,,,0.4827,,1,APPROVED,,gorilla,,,NO_COORDINATE,MISSING,,,APPROVED,
gringotts,Escape from Gringotts,lightning,Universal Studios Florida,Diagon Alley,,,,,,,,,,,,,,,,,,,,,,Harry Potter and the Escape from Gringotts™,6014,ATTRACTION,Universal Studios Florida,,,1,Harry Potter and the Escape from Gringotts™ Single Rider,15416,ATTRACTION,Universal Studios Florida,,,1,Despicable Me Minion Mayhem™,5984,ATTRACTION,Universal Studios Florida,,,0.492,,1,APPROVED,,gringotts,,,NO_COORDINATE,MISSING,,,APPROVED,
hagrid,Hagrid’s Magical Creatures Motorbike Adventure,planned,Islands of Adventure,Hogsmeade,,,,,,,,,,,,,,,,,,,,,,Hagrid's Magical Creatures Motorbike Adventure™,6682,ATTRACTION,Islands of Adventure,,,1,Jurassic Park River Adventure,5994,ATTRACTION,Islands of Adventure,,,0.4664,Hogwarts Express™ - Hogsmeade™ Station,6015,ATTRACTION,Islands of Adventure,,,0.4276,,1,APPROVED,,hagrid,,,NO_COORDINATE,MISSING,,,APPROVED,
haunted,Haunted Mansion,lightning,Magic Kingdom,Liberty Square,,,,,,,,,,,,,,,,,,,,,,Haunted Mansion,140,ATTRACTION,Magic Kingdom,,,1,Enchanted Tales with Belle,128,ATTRACTION,Magic Kingdom,,,0.4971,Peter Pan's Flight,136,ATTRACTION,Magic Kingdom,,,0.4558,,1,APPROVED,,haunted,,,NO_COORDINATE,MISSING,,,APPROVED,
icecream,Florean ice-cream flight + Honeydukes cooler bag,extra,Universal Studios Florida,Diagon Alley,,,,,,,,,,,,,,,,,,,,,,,,,,,,,,,,,,,,,,,,,,,,,UNRESOLVED,"28.4712° N, 81.4688° W",icecream,28.479623,-81.469924,PARSED_DECIMAL,VERIFIED_MANUAL,,,MANUAL,"28.4712° N, 81.4688° W"
jiko,Jiko dinner,meal,Animal Kingdom Lodge,Animal Kingdom Lodge,,,,,,,,,,,,,,,,,,,,,,,,,,,,,,,,,,,,,,,,,,,,,UNRESOLVED,"28.3529° N, 81.6027° W",jiko,28.352066,-81.60335,PARSED_DECIMAL,VERIFIED_MANUAL,,,MANUAL,"28.3529° N, 81.6027° W"
leaky,Leaky Cauldron breakfast,meal,Universal Studios Florida,Diagon Alley,,,,,,,,,,,,,,,,,,,,,,,,,,,,,,,,,,,,,,,,,,,,,UNRESOLVED,"28.4794619, -81.4695657",leaky,28.479586,-81.469616,PARSED_DECIMAL,VERIFIED_MANUAL,,,MANUAL,"28.4794619, -81.4695657"
lion,Festival of the Lion King,show,Animal Kingdom,Africa,,,,,,,,,,,,,,,,,,,,,,,,,,,,,,,,,,,,,,,,,,,,,UNRESOLVED,"28.3585° N, 81.5905° W",lion,28.358264,-81.59281,PARSED_DECIMAL,VERIFIED_MANUAL,,,MANUAL,"28.3585° N, 81.5905° W"
maharajah,Maharajah Jungle Trek,planned,Animal Kingdom,Asia · optional,,,,,,,,,,,,,,,,,,,,,,Kilimanjaro Safaris,113,ATTRACTION,Animal Kingdom,,,0.4075,Na'vi River Journey,4438,ATTRACTION,Animal Kingdom,,,0.4075,Meet Moana at Character Landing,12451,ATTRACTION,Animal Kingdom,,,0.405,,,UNRESOLVED,"28.3600° N, 81.5892° W",maharajah,28.359209,-81.589014,PARSED_DECIMAL,VERIFIED_MANUAL,,,MANUAL,"28.3600° N, 81.5892° W"
minion,Despicable Me Minion Mayhem,lightning,Universal Studios Florida,Minion Land,,,,,,,,,,,,,,,,,,,,,,Despicable Me Minion Mayhem™,5984,ATTRACTION,Universal Studios Florida,,,1,Ollivanders™ Experience in Diagon Alley™,13100,ATTRACTION,Universal Studios Florida,,,0.4626,Illumination's Villain-Con Minion Blast,12107,ATTRACTION,Universal Studios Florida,,,0.4601,,1,APPROVED,,minion,,,NO_COORDINATE,MISSING,,,APPROVED,
ministry,Ministry of Magic,planned,Epic Universe,Wizarding Paris / Ministry,,,,,,,,,,,,,,,,,,,,,,Curse of the Werewolf,14692,ATTRACTION,Epic Universe,,,0.4412,Mine-Cart Madness™,14686,ATTRACTION,Epic Universe,,,0.4328,Stardust Racers,14690,ATTRACTION,Epic Universe,,,0.4238,,,UNRESOLVED,"28.435° N, 81.445° W",ministry,28.441938,-81.447759,PARSED_DECIMAL,VERIFIED_MANUAL,,,MANUAL,"28.435° N, 81.445° W"
monsters,Monsters Unchained,planned,Epic Universe,Dark Universe,,,,,,,,,,,,,,,,,,,,,,Monsters Unchained: The Frankenstein Experiment,14694,ATTRACTION,Epic Universe,,,1,Monsters Unchained: The Frankenstein Experiment Single Rider,16644,ATTRACTION,Epic Universe,,,1,Bowser Jr. Challenge,14682,ATTRACTION,Epic Universe,,,0.5314,,1,APPROVED,,monsters,,,NO_COORDINATE,MISSING,,,APPROVED,
mythos,Mythos lunch,meal,Islands of Adventure,The Lost Continent,,,,,,,,,,,,,,,,,,,,,,,,,,,,,,,,,,,,,,,,,,,,,UNRESOLVED,"28.4725437, -81.4714508",mythos,28.472672,-81.4714508,PARSED_DECIMAL,VERIFIED_MANUAL,,,MANUAL,"28.4725437, -81.4714508"
navi,Na’vi River Journey,planned,Animal Kingdom,Pandora · Early Entry,,,,,,,,,,,,,,,,,,,,,,Na'vi River Journey,4438,ATTRACTION,Animal Kingdom,,,1,Kali River Rapids,112,ATTRACTION,Animal Kingdom,,,0.5994,Meet Moana at Character Landing,12451,ATTRACTION,Animal Kingdom,,,0.414,,1,APPROVED,,navi,,,NO_COORDINATE,MISSING,,,APPROVED,
nintendo,Super Nintendo World priorities,planned,Epic Universe,Super Nintendo World,,,,,,,,,,,,,,,,,,,,,,Curse of the Werewolf Single Rider,14698,ATTRACTION,Epic Universe,,,0.4144,Mario Kart™: Bowser's Challenge Single Rider,14684,ATTRACTION,Epic Universe,,,0.388,Monsters Unchained: The Frankenstein Experiment Single Rider,16644,ATTRACTION,Epic Universe,,,0.3765,,,UNRESOLVED,"28.43° N, 81.45° W",nintendo,28.439208,-81.448797,PARSED_DECIMAL,VERIFIED_MANUAL,,,MANUAL,"28.43° N, 81.45° W"
ollivanders,Ollivanders and wand purchase,show,Islands of Adventure,Hogsmeade,,,,,,,,,,,,,,,,,,,,,,,,,,,,,,,,,,,,,,,,,,,,,UNRESOLVED,"28.4745° N, 81.4678° W",ollivanders,28.479679,-81.469902,PARSED_DECIMAL,VERIFIED_MANUAL,,,MANUAL,"28.4745° N, 81.4678° W"
pirates,Pirates of the Caribbean,lightning,Magic Kingdom,Adventureland,,,,,,,,,,,,,,,,,,,,,,Pirates of the Caribbean,137,ATTRACTION,Magic Kingdom,,,1,The Hall of Presidents,356,ATTRACTION,Magic Kingdom,,,0.5579,The Magic Carpets of Aladdin,141,ATTRACTION,Magic Kingdom,,,0.5338,,1,APPROVED,,pirates,,,NO_COORDINATE,MISSING,,,APPROVED,
rise,Rise of the Resistance,lightning,Hollywood Studios,Galaxy’s Edge,,,,,,,,,,,,,,,,,,,,,,Star Wars: Rise of the Resistance,6369,ATTRACTION,Hollywood Studios,,,1,Star Wars: Rise of the Resistance Single Rider,14531,ATTRACTION,Hollywood Studios,,,1,Walt Disney Presents,5145,ATTRACTION,Hollywood Studios,,,0.4537,,1,APPROVED,,rise,,,NO_COORDINATE,MISSING,,,APPROVED,
runaway,Runaway Railway decision point,planned,Hollywood Studios,Hollywood Boulevard · optional,,,,,,,,,,,,,,,,,,,,,,Mickey & Minnie's Runaway Railway,6361,ATTRACTION,Hollywood Studios,,,0.58,Walt Disney Presents,5145,ATTRACTION,Hollywood Studios,,,0.414,Meet Ariel at Walt Disney Presents,12430,ATTRACTION,Hollywood Studios,,,0.4034,,1,APPROVED,,runaway,,,NO_COORDINATE,MISSING,,,APPROVED,
safari,Kilimanjaro Safaris,planned,Animal Kingdom,Africa,,,,,,,,,,,,,,,,,,,,,,Kilimanjaro Safaris,113,ATTRACTION,Animal Kingdom,,,1,Kali River Rapids,112,ATTRACTION,Animal Kingdom,,,0.4328,Animal Care at Conservation Station,13806,ATTRACTION,Animal Kingdom,,,0.4207,,1,APPROVED,,safari,,,NO_COORDINATE,MISSING,,,APPROVED,
seven,Seven Dwarfs Mine Train,planned,Magic Kingdom,Fantasyland,,,,,,,,,,,,,,,,,,,,,,Seven Dwarfs Mine Train,129,ATTRACTION,Magic Kingdom,,,1,Space Mountain,138,ATTRACTION,Magic Kingdom,,,0.4962,Swiss Family Treehouse,355,ATTRACTION,Magic Kingdom,,,0.44,,1,APPROVED,,seven,,,NO_COORDINATE,MISSING,,,APPROVED,
shutter,Shutterbutton’s Photography Studio,extra,Universal Studios Florida,Diagon Alley,,,,,,,,,,,,,,,,,,,,,,,,,,,,,,,,,,,,,,,,,,,,,UNRESOLVED,"28.474386, -81.468193",shutter,28.479632,-81.46991,PARSED_DECIMAL,VERIFIED_MANUAL,,,MANUAL,"28.474386, -81.468193"
slinky,Slinky Dog Dash,lightning,Hollywood Studios,Toy Story Land,,,,,,,,,,,,,,,,,,,,,,Slinky Dog Dash,5476,ATTRACTION,Hollywood Studios,,,1,Alien Swirling Saucers,5477,ATTRACTION,Hollywood Studios,,,0.4611,Meet Disney Stars at Red Carpet Dreams,6704,ATTRACTION,Hollywood Studios,,,0.4008,,1,APPROVED,,slinky,,,NO_COORDINATE,MISSING,,,APPROVED,
space,Space Mountain,planned,Magic Kingdom,Tomorrowland,,,,,,,,,,,,,,,,,,,,,,Space Mountain,138,ATTRACTION,Magic Kingdom,,,1,Big Thunder Mountain Railroad,130,ATTRACTION,Magic Kingdom,,,0.5523,Haunted Mansion,140,ATTRACTION,Magic Kingdom,,,0.4938,,1,APPROVED,,space,,,NO_COORDINATE,MISSING,,,APPROVED,
star,Star Tours,lightning,Hollywood Studios,Echo Lake,,,,,,,,,,,,,,,,,,,,,,Star Tours – The Adventures Continue,120,ATTRACTION,Hollywood Studios,,,1,Star Wars: Rise of the Resistance,6369,ATTRACTION,Hollywood Studios,,,0.4778,Star Wars: Rise of the Resistance Single Rider,14531,ATTRACTION,Hollywood Studios,,,0.4022,,1,APPROVED,,star,,,NO_COORDINATE,MISSING,,,APPROVED,
tiana,Tiana’s Bayou Adventure,lightning,Magic Kingdom,Frontierland,,,,,,,,,,,,,,,,,,,,,,Tiana's Bayou Adventure,13630,ATTRACTION,Magic Kingdom,,,1,The Many Adventures of Winnie the Pooh,142,ATTRACTION,Magic Kingdom,,,0.4989,A Pirate's Adventure ~ Treasures of the Seven Seas,1184,ATTRACTION,Magic Kingdom,,,0.476,,1,APPROVED,,tiana,,,NO_COORDINATE,MISSING,,,APPROVED,
tiffins,Tiffins lunch,meal,Animal Kingdom,Discovery Island,,,,,,,,,,,,,,,,,,,,,,,,,,,,,,,,,,,,,,,,,,,,,UNRESOLVED,"28.3556° N, 81.5901° W",tiffins,28.356786,-81.591462,PARSED_DECIMAL,VERIFIED_MANUAL,,,MANUAL,"28.3556° N, 81.5901° W"
typhoon,Typhoon Lagoon priorities,planned,Typhoon Lagoon,Water park,,,,,,,,,,,,,,,,,,,,,,,,,,,,,,,,,,,,,,,,,,,,,NOT_APPLICABLE,,typhoon,,,NO_COORDINATE,MISSING,,,NOT_APPLICABLE,
water,Water rides or remaining priorities,planned,Islands of Adventure,Toon Lagoon / Jurassic Park,,,,,,,,,,,,,,,,,,,,,,Harry Potter and the Forbidden Journey™,5992,ATTRACTION,Islands of Adventure,,,0.4363,The Amazing Adventures of Spider-Man®,5985,ATTRACTION,Islands of Adventure,,,0.4128,Hogwarts Express™ - Hogsmeade™ Station,6015,ATTRACTION,Islands of Adventure,,,0.3937,,,NOT_APPLICABLE,,water,,,NO_COORDINATE,MISSING,,,NOT_APPLICABLE,
zootopia,Zootopia: Better Zoogether!,show,Animal Kingdom,Discovery Island,,,,,,,,,,,,,,,,,,,,,,,,,,,,,,,,,,,,,,,,,,,,,UNRESOLVED,,zootopia,28.357546,-81.589995,PARSED_DECIMAL,VERIFIED_MANUAL,,,MANUAL,
