itinerary_id,itinerary_name,kind,park_name,area,tpw_candidate_name,tpw_id,tpw_type,tpw_latitude,tpw_longitude,tpw_score,queue_candidate_name,queue_park_id,queue_ride_id,queue_score,match_status,review_note
akl-precheck,Animal Kingdom Lodge pre-check-in,hotel,Typhoon Lagoon / Resort,Animal Kingdom Lodge,Disney's Animal Kingdom Theme Park,1c84a229-8862-4648-9c71-378ddd2c7693,,,,0.4959,,,,,REVIEW,
typhoon,Typhoon Lagoon priorities,planned,Typhoon Lagoon,Water park,Disney's Typhoon Lagoon Water Park,b070cbc5-feaa-4b87-a8c1-f94cca037a18,,,,0.5022,Astro Orbiter,6,248,0.3452,REVIEW,
jiko,Jiko dinner,meal,Animal Kingdom Lodge,Animal Kingdom Lodge,Tokyo DisneySea,67b290d5-3478-4f23-b601-2f8fb71ba803,,,,0.358,,,,,REVIEW,
navi,Na’vi River Journey,planned,Animal Kingdom,Pandora · Early Entry,Universal Volcano Bay,fe78a026-b91b-470c-b906-9d2266b692da,,,,0.3144,Na'vi River Journey,8,4438,1.0,REVIEW,
fop,Avatar Flight of Passage,lightning,Animal Kingdom,Pandora,,,,,,,Avatar Flight of Passage,8,4439,1.0,REVIEW,
safari,Kilimanjaro Safaris,planned,Animal Kingdom,Africa,Chimelong Safari Park,a148a943-616b-41c8-b5f8-27e67f7bdf33,,,,0.3423,Kilimanjaro Safaris,8,113,1.0,REVIEW,
gorilla,Gorilla Falls Exploration Trail,planned,Animal Kingdom,Africa,,,,,,,Gorilla Falls Exploration Trail,8,651,1.0,REVIEW,
lion,Festival of the Lion King,show,Animal Kingdom,Africa,Universal Studios Beijing,68e1d8f0-ed42-4351-af25-160421e37ce0,,,,0.3355,,,,,REVIEW,
everest,Expedition Everest,planned,Animal Kingdom,Asia,Alton Towers Resort,8e6bf2ae-77ac-403d-8e10-d7cd9b6c05d7,,,,0.3162,Expedition Everest - Legend of the Forbidden Mountain,8,110,1.0,REVIEW,
maharajah,Maharajah Jungle Trek,planned,Animal Kingdom,Asia · optional,,,,,,,Jungle Cruise,6,134,0.5395,REVIEW,
zootopia,Zootopia: Better Zoogether!,show,Animal Kingdom,Discovery Island,,,,,,,,,,,REVIEW,
tiffins,Tiffins lunch,meal,Animal Kingdom,Discovery Island,Kings Island,a0df8d87-7f72-4545-a58d-eb8aa76f914b,,,,0.332,,,,,REVIEW,
runaway,Runaway Railway decision point,planned,Hollywood Studios,Hollywood Boulevard · optional,Aqua Rabia Qiddiya City,1779db11-183d-4e04-a8be-38b4e522fcdf,,,,0.3051,Mickey & Minnie's Runaway Railway,7,6361,0.54,REVIEW,
star,Star Tours,lightning,Hollywood Studios,Echo Lake,Alton Towers,0d8ea921-37b1-4a9a-b8ef-5b45afea847b,,,,0.3661,Star Tours – The Adventures Continue,7,120,1.0,REVIEW,
rise,Rise of the Resistance,lightning,Hollywood Studios,Galaxy’s Edge,Worlds of Fun,bb731eae-7bd3-4713-bd7b-89d79b031743,,,,0.3809,Star Wars: Rise of the Resistance,7,6369,1.0,REVIEW,
alien,Alien Swirling Saucers,lightning,Hollywood Studios,Toy Story Land,Alton Towers,0d8ea921-37b1-4a9a-b8ef-5b45afea847b,,,,0.3174,Alien Swirling Saucers,7,5477,1.0,REVIEW,
slinky,Slinky Dog Dash,lightning,Hollywood Studios,Toy Story Land,,,,,,,Slinky Dog Dash,7,5476,1.0,REVIEW,
boma,Boma dinner,meal,Resort / Transportation,Animal Kingdom Lodge,Tokyo DisneySea,67b290d5-3478-4f23-b601-2f8fb71ba803,,,,0.3226,,,,,REVIEW,
checkout,Check out and leave luggage,hotel,Magic Kingdom / Transfer,Animal Kingdom Lodge,Michigan's Adventure,e9805d65-edad-4700-8942-946e6a2b4784,,,,0.3014,,,,,REVIEW,
seven,Seven Dwarfs Mine Train,planned,Magic Kingdom,Fantasyland,Six Flags Magic Mountain,c6073ab0-83aa-4e25-8d60-12c8f25684bc,,,,0.36,Seven Dwarfs Mine Train,6,129,1.0,REVIEW,
space,Space Mountain,planned,Magic Kingdom,Tomorrowland,Six Flags Magic Mountain,c6073ab0-83aa-4e25-8d60-12c8f25684bc,,,,0.5086,Space Mountain,6,138,1.0,REVIEW,
breakfast,Friar’s Nook breakfast,meal,Magic Kingdom,Fantasyland,Heide Park Resort,0976f1b8-5782-4cda-887f-dc1d537d8d6e,,,,0.3,,,,,REVIEW,
tiana,Tiana’s Bayou Adventure,lightning,Magic Kingdom,Frontierland,Michigan's Adventure,e9805d65-edad-4700-8942-946e6a2b4784,,,,0.5567,Tiana's Bayou Adventure,6,13630,1.0,REVIEW,
haunted,Haunted Mansion,lightning,Magic Kingdom,Liberty Square,Kings Dominion,95162318-b955-4b7e-b601-a99033aa0279,,,,0.3408,Haunted Mansion,6,140,1.0,REVIEW,
pirates,Pirates of the Caribbean,lightning,Magic Kingdom,Adventureland,Caribbean Bay,de3955e7-e3b7-4b85-884b-2d0fb2c1d71c,,,,0.4532,Pirates of the Caribbean,6,137,1.0,REVIEW,
lunch,Quick-service lunch,meal,Magic Kingdom,Nearby land,Aquatica Orlando,9e2867f8-68eb-454f-b367-0ed0fd72d72a,,,,0.3104,,,,,REVIEW,
hardrock,"Hard Rock check-in, dinner and pool",hotel,Hard Rock Hotel,Hard Rock Hotel,Hong Kong Disneyland Park,bd0eb47b-2f02-4d4d-90fa-cb3a68988e3b,,,,0.3186,,,,,REVIEW,
early,Early Park Admission,planned,Epic Universe,Epic entrance,Boonie Bears Park Huai'an,f8be0150-944b-490a-9d7d-02614376af1a,,,,0.4104,Jurassic Park Discovery Center,64,6012,0.4492,REVIEW,
nintendo,Super Nintendo World priorities,planned,Epic Universe,Super Nintendo World,Chessington World of Adventures,ae959d1f-9fcc-4aab-8063-71e641fa57f4,,,,0.3808,Bluey's Wild World at Conservation Station,8,16545,0.3915,REVIEW,
ministry,Ministry of Magic,planned,Epic Universe,Wizarding Paris / Ministry,Oceans of Fun,b5a89552-3381-47ad-88cc-ab0087019c8b,,,,0.342,Tree of Life,8,13751,0.4515,REVIEW,
berk,The Untrainable Dragon,show,Epic Universe,Isle of Berk,Fantawild Dreamland Qingdao,d0baa476-92d8-434d-95c5-c5a1596727bc,,,,0.3256,,,,,REVIEW,
monsters,Monsters Unchained,planned,Epic Universe,Dark Universe,Boonie Bears Park Huai'an,f8be0150-944b-490a-9d7d-02614376af1a,,,,0.316,Monsters Unchained: The Frankenstein Experiment,334,14694,1.0,REVIEW,
blue,Blue Dragon dinner,meal,Epic Universe,Celestial Park,LEGOLAND Windsor,a4f71074-e616-4de4-9278-72fdecbdc995,,,,0.3585,,,,,REVIEW,
goodnight,Celestial Goodnight,show,Epic Universe,Celestial Park,,,,,,,,,,,REVIEW,
hagrid,Hagrid’s Magical Creatures Motorbike Adventure,planned,Islands of Adventure,Hogsmeade,Six Flags Great Adventure,556f0126-8082-4b66-aeee-1e3593fed188,,,,0.431,Hagrid's Magical Creatures Motorbike Adventure™,64,6682,1.0,REVIEW,
forbidden,Harry Potter and the Forbidden Journey,lightning,Islands of Adventure,Hogsmeade,Lotte World Adventure,d8a17554-14d9-44a1-915a-035bfeff884c,,,,0.3433,Harry Potter and the Forbidden Journey™,64,5992,1.0,REVIEW,
breakfast,Three Broomsticks breakfast,meal,Islands of Adventure,Hogsmeade,,,,,,,,,,,REVIEW,
ollivanders,Ollivanders and wand purchase,show,Islands of Adventure,Hogsmeade,WildWater Adventure,245f9457-8e64-457b-800a-0850e6364d93,,,,0.3142,,,,,REVIEW,
express,Optional Hogwarts Express evening extension,planned,Islands of Adventure,Hogsmeade ↔ Diagon Alley,Fantawild Water Park Yingtan,802480e9-7c5a-471b-ac1c-3c5f469233dd,,,,0.3103,Hogwarts Express™ - Hogsmeade™ Station,64,6015,0.5689,REVIEW,
mythos,Mythos lunch,meal,Islands of Adventure,The Lost Continent,,,,,,,,,,,REVIEW,
water,Water rides or remaining priorities,planned,Islands of Adventure,Toon Lagoon / Jurassic Park,Fantawild Water Park Yingtan,802480e9-7c5a-471b-ac1c-3c5f469233dd,,,,0.3087,Harry Potter and the Forbidden Journey™,64,5992,0.3963,REVIEW,
leaky,Leaky Cauldron breakfast,meal,Universal Studios Florida,Diagon Alley,LEGOLAND California,722116aa-56be-4466-8c6f-a5acbac05da2,,,,0.3094,,,,,REVIEW,
shutter,Shutterbutton’s Photography Studio,extra,Universal Studios Florida,Diagon Alley,Disney's Hollywood Studios,288747d1-8b4f-4a64-867e-ea7c9b27bad8,,,,0.3462,,,,,REVIEW,
gringotts,Escape from Gringotts,lightning,Universal Studios Florida,Diagon Alley,Hurricane Harbor Arlington,08e5d95c-7c73-4c65-b17a-06fede1801fb,,,,0.3435,Harry Potter and the Escape from Gringotts™,65,6014,1.0,REVIEW,
minion,Despicable Me Minion Mayhem,lightning,Universal Studios Florida,Minion Land,,,,,,,Despicable Me Minion Mayhem™,65,5984,1.0,REVIEW,
icecream,Florean ice-cream flight + Honeydukes cooler bag,extra,Universal Studios Florida,Diagon Alley,,,,,,,,,,,REVIEW,
bourne,The Bourne Stuntacular,show,Universal Studios Florida,Hollywood,Dorney Park,19d7f29b-e2e7-4c95-bd12-2d4e37d14ccf,,,,0.3253,,,,,REVIEW,
checkout,Check out and leave luggage with Bell Services,hotel,Departure,Hard Rock Hotel,,,,,,,,,,,REVIEW,
favorites,Favorite or missed Universal attractions,planned,Departure,USF / IOA,Universal Studios Japan,47f61fac-7586-41ac-ae80-61c9257cf33e,,,,0.3486,Meet Favorite Disney Pals at Adventurers Outpost,8,116,0.3918,REVIEW,
